                  epoch,         train/box_loss,         train/cls_loss,         train/dfl_loss,   metrics/precision(B),      metrics/recall(B),       metrics/mAP50(B),    metrics/mAP50-95(B),           val/box_loss,           val/cls_loss,           val/dfl_loss,                 lr/pg0,                 lr/pg1,                 lr/pg2
                      1,                 2.9899,                 5.3357,                 4.1594,                      0,                      0,                      0,                      0,                 2.6473,                 5.6911,                  3.997,             0.00010983,             0.00010983,             0.00010983
                      2,                 2.9309,                  5.245,                  3.972,                0.00802,                 0.2489,                0.01604,                0.00375,                 2.5586,                 7.5763,                 3.6803,             0.00017711,             0.00017711,             0.00017711
                      3,                 2.7796,                 5.1391,                 3.6896,                0.00109,                0.44396,                0.00513,                0.00158,                 2.5416,                 5.5815,                 3.3693,             0.00020043,             0.00020043,             0.00020043
                      4,                 2.6642,                 5.0008,                 3.4689,                0.00328,                0.65588,                0.01967,                0.00646,                 2.4038,                 5.4329,                 3.1852,              0.0001352,              0.0001352,              0.0001352
                      5,                 2.5492,                  4.832,                 3.2796,                0.00444,                0.70893,                0.02421,                0.01001,                 2.2063,                 5.2077,                 3.0594,              0.0001352,              0.0001352,              0.0001352
